row_idx,SMILES,Name,IonType,LogP,MW,t_half,Vd,CL,F(percentage),PPB(percentage),Cmax_uM,Tmax
1,CCC(C)C1(CC)C(=O)[N-]C(=O)NC1=O.[Na+],BUTABARBITAL,Neutral,-1.4169999999999978,234.231,100.0,,,,,,
8,CCOC(=O)C1(c2ccccc2)CCN(C)CC1.Cl,MEPERIDINE,Cationic,2.6349000000000014,283.7989999999999,7.9,149.5,19.1,,58.0,1.38,
16,O=c1oc2ccccc2c(O)c1Cc1c(O)c2ccccc2oc1=O,DICUMAROL,Anionic,2.9014000000000006,336.29900000000004,16.5,,,,,,
18,CN(C)CCOC(c1ccccc1)c1ccccc1.O=C(O)CC(O)(CC(=O)O)C(=O)O,DIPHENHYDRAMINE,Cationic,2.1057,447.48400000000026,9.3,422.0,38.2,,81.0,0.2078,2.5
30,CCC(=O)C(CC(C)N(C)C)(c1ccccc1)c1ccccc1,METHADONE,Cationic,4.292000000000004,309.45300000000003,31.0,286.0,6.6,68.0,79.0,2.03,
34,CN(C)CCOC(C)(c1ccccc1)c1ccccn1,DOXYLAMINE,Cationic,2.923300000000001,270.37600000000003,12.5,,11.7,,,0.308,2.5
38,Cc1noc(NS(=O)(=O)c2ccc(N)cc2)c1C.OCCNCCO,SULFISOXAZOLE,Anionic,0.2350399999999997,372.4470000000002,6.2,11.0,1.17,,92.0,682.0,
39,CC(=O)N(c1onc(C)c1C)S(=O)(=O)c1ccc(N)cc1,SULFISOXAZOLE ACETYL,Neutral,1.6154400000000002,309.34700000000004,,,,,,,
46,CN(C)CCC(c1ccc(Cl)cc1)c1ccccn1.O=C(O)/C=C/C(=O)O,CHLORPHENIRAMINE,Cationic,3.5304,390.8670000000001,24.0,214.5,9.75,,30.0,0.0262,
47,Nc1ccc(C(=O)Oc2ccccc2)c(O)c1,PHENYL AMINOSALICYLATE,Neutral,2.1936,229.23500000000004,,,,,,,
48,CN(C)CC[C@@H](c1ccc(Cl)cc1)c1ccccn1.O=C(O)/C=C\C(=O)O,DEXCHLORPHENIRAMINE,Cationic,3.5304,390.8670000000001,24.0,214.5,9.75,,30.0,0.0262,
49,O=C(O)c1cc(/N=N/c2ccc(S(=O)(=O)Nc3ccccn3)cc2)ccc1O,SULFASALAZINE,Anionic,3.701600000000001,398.4000000000001,7.6,7.5,1.0,15.0,99.3,15.0,
54,C=CCC1(C(C)CCC)C(=O)[N-]C(=O)NC1=O.[Na+],SECOBARBITAL,Neutral,-0.8607999999999985,260.26899999999995,28.0,97.5,,90.0,50.0,,3.0
55,CCN(CC)CCOC(=O)C1(C2CCCCC2)CCCCC1.Cl,DICYCLOMINE,Cationic,4.824000000000006,345.9550000000001,1.8,237.0,91.2,,,,1.25
56,Cn1ccnc1S,METHIMAZOLE,Neutral,0.7087999999999999,114.173,5.4,136.0,4.6,,,1.3,0.9
65,CN(C)CCOC(c1ccccc1)c1ccc(Br)cc1.Cl,BROMODIPHENHYDRAMINE,Cationic,4.538500000000004,370.718,,,,,,,
69,C[N+]1(C)CCC(=C(c2ccccc2)c2ccccc2)CC1,DIPHEMANIL,Neutral,4.358700000000004,278.4190000000001,8.35,,,,,,
73,CCCCC1C(=O)N(c2ccccc2)N(c2ccccc2)C1=O,PHENYLBUTAZONE,Anionic,3.7878000000000025,308.3810000000001,79.0,10.0,1.36,,98.5,138.0,
74,CCC1(CC)C(=O)NC(=O)N(C)C1=O,METHARBITAL,Neutral,0.5009999999999999,198.222,,,,,,,
76,Cc1nnc(NS(=O)(=O)c2ccc(N)cc2)s1,SULFAMETHIZOLE,Anionic,1.2295199999999995,270.339,,,,,,,
77,CCc1nc(N)nc(N)c1-c1ccc(Cl)cc1,PYRIMETHAMINE,Cationic,2.5238000000000005,248.71700000000004,100.0,149.5,0.2,,90.0,0.805,
79,O=C1CN(/N=C/c2ccc([N+](=O)[O-])o2)C(=O)N1,NITROFURANTOIN,Neutral,0.0734999999999999,238.159,0.97,37.0,37.8,,83.0,3.67,
83,CN(C)CCOC(c1ccc(Cl)cc1)c1ccccn1,CARBINOXAMINE,Cationic,3.4026000000000023,290.794,17.0,,,,,0.0988,6.7
84,O=C1c2ccccc2C(=O)C1c1ccccc1,PHENINDIONE,Anionic,2.849400000000001,222.243,,,,,,,
85,C[N+]1(C)[C@@H]2C[C@@H](OC(=O)[C@H](CO)c3ccccc3)C[C@H]1[C@@H]1O[C@@H]12.[Br-],METHSCOPOLAMINE,Neutral,-1.933299999999996,398.2970000000001,,,,17.0,,,1.0
87,CC(=O)Nc1nnc(S(N)(=O)=O)s1,ACETAZOLAMIDE,Anionic,-0.8561000000000003,222.251,3.5,13.0,1.1,100.0,93.0,,4.5
95,CC(=O)CC(c1ccccc1)c1c(O)c2ccccc2oc1=O,WARFARIN,Anionic,3.609600000000003,308.3330000000001,29.0,8.4,0.21,,98.0,,
98,CC[N+](CC)(CC)CCC(O)(c1ccccc1)C1CCCCC1,TRIDIHEXETHYL,Neutral,4.721100000000004,318.5250000000002,,,,,,,
101,C=CCC1(C(C)CC)C(=O)NC(=O)NC1=O,TALBUTAL,Neutral,0.961,224.26,,,,,,,
106,CCCC(C)(COC(N)=O)COC(N)=O,MEPROBAMATE,Neutral,0.9834000000000004,218.253,9.6,45.5,2.34,,0.0,11.4,
117,COC(=O)C(c1ccccc1)C1CCCCN1,METHYLPHENIDATE,Cationic,2.0853,233.31099999999995,3.2,169.0,33.0,23.5,15.0,0.073,6.8
121,N[C@@H](Cc1cc(I)c(Oc2ccc(O)c(I)c2)c(I)c1)C(=O)[O-].[Na+],LIOTHYRONINE,Zwitterionic,-0.3780000000000001,672.9580000000001,60.0,,,95.0,,,
122,O=C(O)c1cc2ccccc2c(Cc2c(O)c(C(=O)O)cc3ccccc23)c1O.OCCOCCN1CCN(C(c2ccccc2)c2ccc(Cl)cc2)CC1,HYDROXYZINE,Cationic,7.447300000000008,763.287,16.5,1040.0,39.0,,,0.1869,2.0
124,CC1NCCOC1c1ccccc1,PHENMETRAZINE,Cationic,1.736,177.247,,,,,,,
126,CN1CCN(CCCN2c3ccccc3Sc3ccc(Cl)cc32)CC1.O=C(O)/C=C\C(=O)O,PROCHLORPERAZINE,Cationic,4.2920000000000025,490.02500000000026,9.0,1430.0,62.4,,,,
127,Cc1ccccc1C(OCCN(C)C)c1ccccc1,ORPHENADRINE,Cationic,3.662620000000003,269.388,16.6,,,,,,
135,CC(C)[N+](C)(CCC(C(N)=O)(c1ccccc1)c1ccccc1)C(C)C.[I-],ISOPROPAMIDE,Neutral,1.1155000000000013,480.4340000000001,,,,,,,
136,OCCN1CCN(CCCN2c3ccccc3Sc3ccc(Cl)cc32)CC1,PERPHENAZINE,Cationic,3.942700000000003,403.9790000000002,10.5,1170.0,105.3,,93.0,0.0024,
138,CN(C)CC[C@@H](c1ccc(Br)cc1)c1ccccn1,DEXBROMPHENIRAMINE,Cationic,3.9277000000000015,319.246,25.0,,,,72.0,,
142,COc1ccc(C2C(=O)c3ccccc3C2=O)cc1,ANISINDIONE,Anionic,2.8580000000000005,252.269,,,,,,,
157,CC[C@@H](c1ccccc1)c1c(O)c2ccccc2oc1=O,PHENPROCOUMON,Anionic,4.040500000000003,280.323,140.0,,,,,,
164,CN1CCN(CCCN2c3ccccc3Sc3ccc(C(F)(F)F)cc32)CC1.Cl.Cl,TRIFLUOPERAZINE,Cationic,5.7892000000000055,480.4270000000002,,,,,,,
165,O=C1C(CC[S+]([O-])c2ccccc2)C(=O)N(c2ccccc2)N1c1ccccc1,SULFINPYRAZONE,Anionic,3.795500000000003,404.4910000000001,6.2,7.8,1.32,,98.0,,
174,CCCCCCC(=O)OCCN1CCN(CCCN2c3ccccc3Sc3ccc(C(F)(F)F)cc32)CC1,FLUPHENAZINE,Cationic,6.829400000000008,549.7029999999999,16.4,,,,,,
189,CN(C)CCC(O)(c1ccccc1)c1ccccc1Cl.Cl,CHLOPHEDIANOL,Cationic,3.949400000000004,326.267,,,,,,,
190,NS(=O)(=O)c1cc2c(cc1Cl)N=C(CSCc1ccccc1)NS2(=O)=O,BENZTHIAZIDE,Anionic,2.2427,431.9480000000001,,,,,,,
191,O.O=P1(N(CCCl)CCCl)NCCCO1,CYCLOPHOSPHAMIDE,Neutral,1.0593,279.10400000000004,7.5,40.0,4.8,,20.0,,1.0
194,C[C@H]1[C@H](c2ccccc2)OCCN1C,PHENDIMETRAZINE,Neutral,2.0782,191.274,3.7,,,,,,
198,N[C@H](Cc1cc(I)c(Oc2cc(I)c(O)c(I)c2)c(I)c1)C(=O)[O-].O.[Na+],DEXTROTHYROXINE,Zwitterionic,-0.5981000000000001,816.869,,,,,,,
209,CCCCC1C(=O)N(c2ccccc2)N(c2ccc(O)cc2)C1=O,OXYPHENBUTAZONE,Anionic,3.493400000000002,324.38000000000005,,,,,,,
210,Cc1ncc([N+](=O)[O-])n1CCO.Cl,METRONIDAZOLE,Neutral,0.5138199999999999,207.617,8.0,26.0,3.3,,20.0,233.9,1.5
215,Cc1cc(NS(=O)(=O)c2ccc(N)cc2)no1,SULFAMETHOXAZOLE,Anionic,1.3660199999999998,253.283,10.0,19.5,1.4,,70.0,268.7,
216,CCSc1ccc2c(c1)N(CCCN1CCN(C)CC1)c1ccccc1S2.O=C(O)/C=C\C(=O)O.O=C(O)/C=C\C(=O)O,THIETHYLPERAZINE,Cationic,4.462400000000002,631.7730000000004,,,,,,,
217,C[N+]1(C)CCC(OC(=O)C(O)(c2ccccc2)C2CCCC2)C1,GLYCOPYRROLATE,Neutral,2.4563,318.43700000000024,0.83,27.3,35.1,,,0.0109,0.45
221,CC(C)(C(=O)c1cccnc1)c1cccnc1,METYRAPONE,Neutral,2.637100000000001,226.279,1.9,,,,,32.3,1.0
224,Nc1nc(N)c2nc(-c3ccccc3)c(N)nc2n1,TRIAMTERENE,Neutral,0.8334000000000001,253.26900000000003,4.3,845.0,245.7,,58.0,0.1833,1.1
226,CN1C(=O)CN=C(c2ccccc2)c2cc(Cl)ccc21,DIAZEPAM,Neutral,3.153800000000002,284.74600000000004,46.0,58.5,1.5,90.0,98.0,,1.25
242,Cc1cccc(Nc2ccccc2C(=O)O)c1C,MEFENAMIC ACID,Anionic,3.7452400000000017,241.29,3.0,68.9,21.2,,90.0,62.2,2.0
245,O=C1Nc2ccc(Cl)cc2C(c2ccccc2)=N[C@H]1O,OXAZEPAM,Neutral,2.4479,286.718,8.2,38.0,4.3,,96.0,1.57,
249,NC12CC3CC(CC(C3)C1)C2,AMANTADINE,Cationic,1.9139,151.253,17.0,357.0,18.2,,67.0,1.45,3.3
257,C[C@]12C=CC(=O)C=C1CC[C@@H]1[C@@H]2CC[C@]2(C)OC(=O)CC[C@@H]12,TESTOLACTONE,Neutral,3.5899000000000028,300.3980000000001,,,,,,,
262,NC(=O)NO,HYDROXYUREA,Neutral,-0.9561000000000002,76.05499999999999,3.4,40.0,5.8,,0.0,,
263,CC[C@@H](CO)NCCN[C@@H](CC)CO,ETHAMBUTOL,Cationic,-0.292599999999999,204.314,3.1,110.5,39.0,,82.0,17.1,
264,Cn1cnc([N+](=O)[O-])c1Sc1ncnc2[nH]cnc12,AZATHIOPRINE,Neutral,1.1457999999999997,277.269,,,,,30.0,,1.5
265,CC(=O)Nc1ccc(O[C@@H]2O[C@H](C(=O)O)[C@@H](O)[C@H](O)[C@H]2O)cc1,ACETAMINOPHEN,Neutral,-1.0839999999999996,327.289,2.1,58.5,17.5,,20.0,0.0278,
267,CN1CCN(CC/C=C2/c3ccccc3Sc3ccc(S(=O)(=O)N(C)C)cc32)CC1.Cl,THIOTHIXENE,Cationic,3.892500000000004,480.0990000000002,,,,,,0.1296999999999999,
271,CCN(CC)CCN1C(=O)CN=C(c2ccccc2F)c2cc(Cl)ccc21.Cl.Cl,FLURAZEPAM,Cationic,4.848500000000006,460.80800000000016,2.3,,,,,0.0058,0.66
279,Clc1ccc(C(c2ccccc2Cl)C(Cl)Cl)cc1,MITOTANE,Neutral,5.929000000000002,320.04600000000005,2124.0,,,40.0,,44.7,
284,O=C(O)c1cc(=O)c2c(OCC(O)COc3cccc4oc(C(=O)O)cc(=O)c34)cccc2o1,CROMOLYN,Anionic,2.1145,468.3700000000002,,,,1.0,,,
286,Nc1nc(=O)[nH]cc1F,FLUCYTOSINE,Neutral,-0.5088000000000001,129.09399999999997,3.6,44.2,7.8,83.0,4.0,271.3,
289,COc1cc(Cc2cnc(N)nc2N)cc(OC)c1OC.Cl,TRIMETHOPRIM,Neutral,1.6793999999999998,326.78400000000005,9.0,97.5,8.1,,44.0,3.44,
293,O=C1CN=C(c2ccccc2)c2cc(Cl)ccc2N1CC1CC1,PRAZEPAM,Neutral,3.934000000000003,324.8110000000001,,,,,,,
297,CC(C)N(CCC(C(N)=O)(c1ccccc1)c1ccccn1)C(C)C.O=P(O)(O)O,DISOPYRAMIDE,Cationic,2.4333000000000014,437.47700000000015,6.7,33.8,3.5,,65.0,14.1,2.0
302,CCN(CC)CC#CCOC(=O)C(O)(c1ccccc1)C1CCCCC1,OXYBUTYNIN,Cationic,3.342900000000002,357.4940000000002,2.5,193.0,19.8,6.0,99.0,0.01,0.89
303,COc1cc(C(=O)NCc2ccc(OCCN(C)C)cc2)cc(OC)c1OC,TRIMETHOBENZAMIDE,Cationic,2.5828000000000007,388.46400000000017,8.0,,,100.0,,,
304,O=C1CN=C(c2ccccc2Cl)c2cc([N+](=O)[O-])ccc2N1,CLONAZEPAM,Neutral,3.037700000000001,315.716,35.0,188.5,3.4,90.0,85.0,,
305,C=CCC1(CC(C)C)C(=O)NC(=O)NC1=O,BUTALBITAL,Neutral,0.961,224.26,35.0,,,,45.0,9.0,
310,CC(C(=O)O)c1cccc(Oc2ccccc2)c1,FENOPROFEN,Anionic,3.6670000000000016,242.274,3.0,,,,99.0,206.0,2.0
311,CCn1ccc(NS(=O)(=O)c2ccc(N)cc2)nc1=O,SULFACYTINE,Neutral,0.6462000000000001,294.336,,,,,,,
318,O=C1CN=C(c2ccccc2)c2cc(Cl)ccc2N1CC(F)(F)F,HALAZEPAM,Neutral,4.086300000000002,352.743,21.15,732.0,24.0,,,,
321,O=C1Nc2ccc(Cl)cc2C(c2ccccc2Cl)=NC1O,LORAZEPAM,Neutral,3.101300000000001,321.163,14.0,84.5,4.3,90.0,91.0,0.062,
328,Cc1nnc2n1-c1ccc(Cl)cc1C(c1ccccc1Cl)=NC2,TRIAZOLAM,Neutral,4.233520000000002,343.21700000000004,3.5,37.7,11.7,,90.0,0.0175,2.0
330,CN/C(=N\CCSCc1nc[nH]c1C)NC#N.Cl,CIMETIDINE,Neutral,1.0192,288.808,2.0,78.0,31.6,,22.0,,1.1
331,CC(C)C[C@H]1C(=O)N2CCC[C@H]2[C@]2(O)O[C@](NC(=O)[C@@H]3C=C4c5cccc6[nH]c(Br)c(c56)C[C@H]4N(C)C3)(C(C)C)C(=O)N12.Cl,BROMOCRIPTINE,Neutral,3.6146000000000025,691.0669999999999,6.0,61.0,7.0,80.0,93.0,0.0007109999999999,
335,Cc1ccc(Cl)c(Nc2ccccc2C(=O)[O-])c1Cl.O.[Na+],MECLOFENAMATE,Anionic,-0.411779999999999,336.15000000000003,1.3,23.3,12.3,,99.0,16.2,1.25
339,N=C(N)NCC1COC2(CCCCC2)O1.N=C(N)NCC1COC2(CCCCC2)O1.O=S(=O)(O)O,GUANADREL,Cationic,0.4377400000000043,524.6410000000004,3.7,747.0,162.0,,,0.351,
343,Nc1cc(N2CCCCC2)nc(N)[n+]1[O-],MINOXIDIL,Neutral,-0.1302999999999997,209.253,4.2,,,90.0,0.0,,1.0
344,CN1C(=O)C(O)N=C(c2ccccc2)c2cc(Cl)ccc21,TEMAZEPAM,Neutral,2.4722,300.74500000000006,8.8,,,92.0,96.0,2.7,
349,CCCCNc1cc(C(=O)O)cc(S(N)(=O)=O)c1Oc1ccccc1,BUMETANIDE,Anionic,3.036500000000001,364.42300000000006,1.25,10.4,11.3,,95.0,0.0283,
352,Cc1nnc2n1-c1ccc(Cl)cc1C(c1ccccc1)=NC2,ALPRAZOLAM,Neutral,3.5801200000000017,308.77200000000005,11.2,52.0,2.88,90.0,80.0,0.1199,1.5
355,C[C@H](CS)C(=O)N1CCC[C@@H]1C(=O)O,CAPTOPRIL,Anionic,0.6279000000000001,217.29,2.0,48.7,46.8,75.0,27.0,,1.0
356,COc1ccc(CCN(C)CCCC(C#N)(c2ccc(OC)c(OC)c2)C(C)C)cc1OC,VERAPAMIL,Cationic,5.093080000000005,454.6110000000002,5.1,240.5,70.2,13.0,90.0,0.881,1.5
358,O=C(O)c1cc(-c2ccc(F)cc2F)ccc1O,DIFLUNISAL,Anionic,3.035600000000001,250.2,10.0,6.3,0.39,,99.0,496.0,2.5
359,COC(=O)c1c(C)nc(C)c(C(=O)OC)c1-c1ccccc1[N+](=O)[O-],NIFEDIPINE,Neutral,2.846840000000001,344.32300000000004,2.0,51.3,31.1,86.0,95.0,0.332,0.5
362,CC(=O)N1CCN(c2ccc(OC[C@H]3CO[C@](Cn4ccnc4)(c4ccc(Cl)cc4Cl)O3)cc2)CC1,KETOCONAZOLE,Neutral,4.205800000000003,531.4399999999999,6.5,,,,99.0,6.5,1.5
372,Cc1ncc2n1-c1ccc(Cl)cc1C(c1ccccc1F)=NC2,MIDAZOLAM,Neutral,4.324220000000002,325.77400000000006,4.1,133.2,25.6,90.0,97.0,0.2765,0.5
375,O=C(Nc1ccc([N+](=O)[O-])cc1Cl)c1cc(Cl)ccc1O,NICLOSAMIDE,Anionic,3.859500000000001,327.12300000000005,,,,,,,
379,CNC(=C[N+](=O)[O-])NCCSCc1ccc(CN(C)C)o1.Cl,RANITIDINE,Cationic,1.8808,350.872,2.75,91.0,45.6,50.0,15.0,1.56,2.5
380,Fc1ccccc1C1=NCC(=S)N(CC(F)(F)F)c2ccc(Cl)cc21,QUAZEPAM,Neutral,5.026200000000003,386.8010000000001,39.0,,,,95.0,0.0517,2.0
386,CC(C(=O)O)c1ccc(-c2ccccc2)c(F)c1,FLURBIPROFEN,Anionic,3.6808000000000014,244.265,5.0,7.8,1.08,96.0,99.0,57.0,2.0
388,CC(=O)O.O=C(NCC1CCCCN1)c1cc(OCC(F)(F)F)ccc1OCC(F)(F)F,FLECAINIDE,Cationic,3.531600000000002,474.3980000000001,12.0,366.0,17.6,,48.0,,
389,O=C(O)CCc1nc(-c2ccccc2)c(-c2ccccc2)o1,OXAPROZIN,Anionic,4.025800000000003,293.32200000000006,54.9,10.8,0.14,95.0,99.0,,3.0
391,COCCOC(=O)C1=C(C)NC(C)=C(C(=O)OC(C)C)[C@@H]1c1cccc([N+](=O)[O-])c1,NIMODIPINE,Neutral,2.970800000000001,418.44600000000014,1.5,66.0,54.0,13.0,95.0,,1.0
397,C[N+](C)(C)C[C@H](O)CC(=O)[O-],LEVOCARNITINE,Anionic,-1.8064999999999984,161.20099999999996,17.4,100.4,4.0,15.0,0.0,80.0,3.3
405,Clc1ccc2c(c1)C(c1ccccc1)=NCc1nncn1-2,ESTAZOLAM,Neutral,3.2717000000000027,294.745,17.0,,,,93.0,,2.0
406,CCCNCC(O)COc1ccccc1C(=O)CCc1ccccc1.Cl,PROPAFENONE,Cationic,3.663200000000003,377.9120000000001,21.0,252.0,57.0,12.0,95.0,,3.5
408,O=C(O)Cc1ccccc1Nc1c(Cl)cccc1Cl,DICLOFENAC,Anionic,4.364100000000001,296.153,2.3,91.0,34.9,50.0,99.0,8.0,2.3
410,CC(C)(C)NCC(O)COc1cccc2c1CCC(=O)N2.Cl,CARTEOLOL,Cationic,2.1209,328.84,,,,,,,
420,NC(N)=Nc1nc(CSCC/C(N)=N/S(N)(=O)=O)cs1,FAMOTIDINE,Cationic,-0.7679999999999998,337.456,2.8,84.5,25.3,45.0,17.0,0.181,2.0
423,CNC(=C[N+](=O)[O-])NCCSCc1csc(CN(C)C)n1,NIZATIDINE,Neutral,1.3224999999999998,331.4670000000001,1.5,74.7,50.0,70.0,35.0,10.8,1.75
432,CC(N)C12CC3CC(CC(C3)C1)C2,RIMANTADINE,Cationic,2.5500000000000007,179.30699999999996,39.0,219.0,3.9,,40.0,0.51,
444,CCOC(=O)C1=C(COCCN)NC(C)=C(C(=O)OC)[C@@H]1c1ccccc1Cl,LEVAMLODIPINE,Cationic,2.266300000000001,408.88200000000006,40.0,1365.0,27.3,77.0,93.0,,8.0
448,CCOC(=O)C1=C(C)NC(C)=C(C(=O)OC)C1c1cccc(Cl)c1Cl,FELODIPINE,Neutral,3.9643000000000033,384.259,14.0,650.0,48.0,20.0,99.0,0.002,4.5
449,Cl.Cl.O=C(O)COCCN1CCN(C(c2ccccc2)c2ccc(Cl)cc2)CC1,CETIRIZINE,Zwitterionic,3.991800000000003,461.8170000000001,8.0,26.0,2.4,,91.0,0.79,2.2
451,CCOC(=O)[C@H](CCc1ccccc1)N[C@H]1CCc2ccccc2N(CC(=O)O)C1=O,BENAZEPRIL,Anionic,2.5731,424.4970000000002,,,,37.0,96.7,,0.75
458,Cc1ccc(-c2nc3ccc(C)cn3c2CC(=O)N(C)C)cc1.Cc1ccc(-c2nc3ccc(C)cn3c2CC(=O)N(C)C)cc1.O=C(O)C(O)C(O)C(=O)O,ZOLPIDEM,Neutral,4.375080000000003,764.8800000000003,2.5,31.5,16.7,,92.5,0.394,1.6
462,Clc1ccccc1CN1CCc2sccc2C1,TICLOPIDINE,Neutral,3.959800000000002,263.793,108.0,,,80.0,98.0,,2.0
473,CCCC1O[C@@H]2C[C@H]3[C@@H]4CCC5=CC(=O)C=C[C@]5(C)[C@H]4[C@@H](O)C[C@]3(C)[C@]2(C(=O)CO)O1,BUDESONIDE,Neutral,2.716800000000001,430.5410000000002,2.5,195.0,72.0,9.0,87.5,0.0026,1.5
474,COc1ccc(C(CN(C)C)C2(O)CCCCC2)cc1.Cl,VENLAFAXINE,Cationic,3.457400000000003,313.86899999999986,5.0,487.0,84.5,92.0,27.0,0.812,2.0
484,CCOc1nc2cccc(C(=O)OC(C)OC(=O)OC3CCCCC3)c2n1Cc1ccc(-c2ccccc2-c2nn[nH]n2)cc1,CANDESARTAN CILEXETIL,Anionic,6.319100000000007,610.6710000000002,,,,,,,
487,CN1C2CCCC1CC(NC(=O)c1nn(C)c3ccccc13)C2.Cl,GRANISETRON,Cationic,2.740200000000001,348.8780000000001,4.9,197.0,51.3,,65.0,0.206,
489,Nc1nnc(-c2cccc(Cl)c2Cl)c(N)n1,LAMOTRIGINE,Neutral,2.0098,256.09599999999995,25.4,71.5,2.2,98.0,55.0,,1.7
493,CC(C)n1c(/C=C/C(O)CC(O)CC(=O)O)c(-c2ccc(F)cc2)c2ccccc21,FLUVASTATIN,Anionic,4.628100000000003,411.473,3.0,22.7,5.2,24.0,98.0,,1.0
495,COc1cccc([C@]2(O)CCCC[C@H]2CN(C)C)c1,TRAMADOL,Cationic,2.6346000000000007,263.3809999999999,6.7,188.0,23.0,75.0,20.0,2.25,2.3
500,COC(=O)C1=C(C)NC(C)=C(C(=O)OCC(C)C)C1c1ccccc1[N+](=O)[O-],NISOLDIPINE,Neutral,3.201800000000002,388.4200000000001,9.5,357.0,58.5,5.0,99.0,,9.0
503,CCCCc1nc(Cl)c(CO[N+](=O)[O-])n1Cc1ccc(-c2ccccc2-c2nn[nH]n2)cc1,LOSARTAN,Anionic,4.482800000000004,467.91700000000014,2.0,34.0,36.0,33.0,98.7,,1.0
504,Clc1ccc2nsnc2c1NC1=NCCN1,TIZANIDINE,Cationic,1.715799999999999,253.718,2.5,156.0,42.9,40.0,30.0,,
505,Cc1c(OCC(F)(F)F)ccnc1C[S+]([O-])c1nc2ccccc2[nH]1,LANSOPRAZOLE,Neutral,3.515220000000001,369.3680000000001,1.3,15.7,11.1,80.0,97.0,4.6,1.7
516,COc1cc(C(=O)NS(=O)(=O)c2ccccc2C)ccc1Cc1cn(C)c2ccc(NC(=O)OC3CCCC3)cc12,ZAFIRLUKAST,Anionic,5.695920000000005,575.6870000000001,10.0,70.0,20.0,,99.0,0.5670000000000001,3.0
524,CC(C)CC(N(C)C)C1(c2ccc(Cl)cc2)CCC1.Cl.O,SIBUTRAMINE,Cationic,4.335100000000007,334.33100000000013,1.1,,,,97.0,,1.2
527,Cc1ccsc1C(=CCCN1CCC[C@@H](C(=O)O)C1)c1sccc1C,TIAGABINE,Zwitterionic,5.044840000000004,375.5590000000001,8.0,71.5,6.5,90.0,96.0,,0.75
529,CC(C)c1nc(CN(C)C(=O)NC(C(=O)NC(Cc2ccccc2)CC(O)C(Cc2ccccc2)NC(=O)OCc2cncs2)C(C)C)cs1,RITONAVIR,Neutral,5.905200000000005,720.9620000000001,4.0,26.6,8.8,,98.5,15.5,3.0
541,NC(=O)C[S+]([O-])C(c1ccccc1)c1ccccc1,MODAFINIL,Neutral,2.01,273.357,15.0,58.0,2.6,,60.0,,3.0
544,COCc1c(C(C)C)nc(C(C)C)c(/C=C/[C@@H](O)C[C@@H](O)CC(=O)O)c1-c1ccc(F)cc1,CERIVASTATIN,Anionic,4.8807000000000045,459.5580000000002,3.0,19.5,12.5,60.0,99.0,27.6,2.0
548,CNS(=O)(=O)CCc1ccc2[nH]cc(C3CCN(C)CC3)c2c1.Cl,NARATRIPTAN,Cationic,2.490600000000001,371.93400000000014,6.0,170.0,25.7,70.0,30.0,,2.5
549,CCCCCCCCCCC[C@@H](C[C@@H]1OC(=O)[C@H]1CCCCCC)OC(=O)[C@H](CC(C)C)NC=O,ORLISTAT,Neutral,6.881900000000007,495.7450000000004,1.5,,,,99.0,,8.0
551,Cc1ccc(O)c([C@H](CCN(C(C)C)C(C)C)c2ccccc2)c1.O=C(O)[C@H](O)[C@@H](O)C(=O)O,TOLTERODINE,Cationic,3.2188200000000005,475.5820000000001,2.0,113.0,534.0,,96.3,0.00492,1.5
556,C[C@H](/C=C/[C@H](C)C(C)(C)O)[C@H]1CC[C@H]2/C(=C/C=C3C[C@@H](O)C[C@H](O)C3)CCC[C@]12C,PARICALCITOL,Neutral,5.560600000000008,416.6460000000003,5.0,34.0,1.49,79.0,99.8,0.00403,
573,COCCCOc1ccnc(C[S+]([O-])c2nc3ccccc3[n-]2)c1C.[Na+],RABEPRAZOLE,Neutral,-0.3774799999999989,381.4330000000001,1.5,14.3,15.6,52.0,96.3,1.84,3.5
574,COc1ccnc(C[S+]([O-])c2nc3cc(OC(F)F)ccc3[nH]2)c1OC,PANTOPRAZOLE,Neutral,2.8843000000000005,383.3760000000001,1.0,17.3,10.8,77.0,98.0,6.5,2.5
576,Cc1ccc(-c2cc(C(F)(F)F)nn2-c2ccc(S(N)(=O)=O)cc2)cc1,CELECOXIB,Neutral,3.5139200000000006,381.3790000000001,11.2,429.0,27.7,,97.0,1.85,
588,CO[C@H]1C[C@@H]2CC[C@@H](C)[C@@](O)(O2)C(=O)C(=O)N2CCCC[C@H]2C(=O)O[C@H]([C@H](C)C[C@@H]2CC[C@@H](O)[C@H](OC)C2)CC(=O)[C@H](C)/C=C(\C)[C@@H](OC(=O)CCCCCNc2ccc(N=[N+]=[N-])cc2[N+](=O)[O-])[C@@H](OC)C(=O)[C@H](C)C[C@H](C)/C=C/C=C/C=C/1C,SIROLIMUS,Neutral,10.253999999999996,1189.454999999999,62.0,780.0,11.2,14.0,92.0,0.0157,2.1
589,COc1c(N2C[C@@H]3CCCN[C@@H]3C2)c(F)cc2c(=O)c(C(=O)O)cn(C3CC3)c12.Cl,MOXIFLOXACIN,Zwitterionic,2.7923000000000004,437.89900000000017,12.7,143.0,12.0,90.0,40.0,10.8,
592,N[C@@H](Cc1cc(I)c(Oc2cc(I)c(O)c(I)c2)c(I)c1)C(=O)[O-].O.[Na+],LEVOTHYROXINE,Zwitterionic,-0.5981000000000001,816.869,156.0,,,94.0,99.0,,
605,COc1ccccc1Oc1c(NS(=O)(=O)c2ccc(C(C)(C)C)cc2)nc(-c2ncccn2)nc1OCCO,BOSENTAN,Anionic,4.203900000000004,551.6250000000002,5.0,18.0,4.0,50.0,98.0,,4.0
607,Cc1onc(-c2ccccc2)c1-c1ccc(S(N)(=O)=O)cc1,VALDECOXIB,Neutral,2.9644200000000005,314.36600000000004,8.11,86.0,6.0,83.0,98.0,0.513,3.0
609,CO[C@H]1/C=C/O[C@@]2(C)Oc3c(C)c(O)c4c(O)c(c5c(nc6cc(C)ccn65)c4c3C2=O)NC(=O)/C(C)=C\C=C\[C@H](C)[C@H](O)[C@@H](C)[C@@H](O)[C@@H](C)[C@H](OC(C)=O)[C@@H]1C,RIFAXIMIN,Anionic,6.157840000000009,785.8910000000003,1.8,,,,67.5,0.00433,
614,CCCc1nc(C)c2c(O)nc(-c3cc(S(=O)(=O)N4CCN(CC)CC4)ccc3OCC)nn12.Cl,VARDENAFIL,Neutral,2.904520000000002,525.0750000000004,4.5,208.0,56.0,15.0,95.0,0.0368,
618,CCCCCCCCCCCC(=O)OCN1C(=O)CCc2ccc(OCCCCN3CCN(c4cccc(Cl)c4Cl)CC3)cc21,ARIPIPRAZOLE,Cationic,8.675400000000007,660.7270000000002,75.0,404.0,3.2,87.0,99.0,,
619,COC(=O)[C@@H]1CC2=CC(=O)CC[C@]2(C)[C@@]23O[C@@H]2C[C@@]2(C)[C@@H](CC[C@@]24CCC(=O)O4)[C@H]13,EPLERENONE,Neutral,3.124500000000002,414.4980000000003,5.0,66.5,10.0,69.0,50.0,,1.5
623,CCCCCN(C)CCC(O)(P(=O)([O-])O)P(=O)(O)O.O.[Na+],IBANDRONATE,Zwitterionic,-3.952699999999997,359.22800000000007,97.0,90.0,5.0,0.6,86.0,,1.0
625,CC12CC3CC(C)(C1)CC(N)(C3)C2,MEMANTINE,Cationic,2.6941000000000006,179.307,70.0,650.0,6.4,,45.0,,5.0
631,CC(=O)Oc1ccc(C(c2ccc(OC(C)=O)cc2)c2ccccn2)cc1,BISACODYL,Neutral,4.112400000000003,361.3970000000001,,,,,,,
633,CCS(=O)(=O)CCn1c([N+](=O)[O-])cnc1C,TINIDAZOLE,Neutral,0.5344200000000001,247.276,13.2,50.0,2.34,,12.0,193.1,
654,Cc1nnc(C(C)C)n1[C@@H]1C[C@H]2CC[C@@H](C1)N2CC[C@H](NC(=O)C1CCC(F)(F)CC1)c1ccccc1,MARAVIROC,Cationic,5.950920000000006,513.6770000000002,16.0,194.0,8.4,28.0,76.0,1.73,2.25
658,CC[C@H]1OC(=O)[C@H](C)[C@@H](O[C@H]2C[C@@](C)(OC)[C@@H](O)[C@H](C)O2)[C@H](C)[C@@H](O[C@@H]2O[C@H](C)C[C@H](N(C)C)[C@H]2O)[C@](C)(O)C[C@@H](C)C(=O)[C@H](C)[C@@H](O)[C@]1(C)O.O=C(O)[C@H](O)[C@@H](O)[C@H](O[C@@H]1O[C@H](CO)[C@H](O)[C@H](O)[C@H]1O)[C@H](O)CO,ERYTHROMYCIN,Cationic,-3.8833,1092.2330000000009,2.0,61.7,21.8,,90.0,2.29,
672,CC1(C)S[C@@H]2[C@H](NC(=O)COc3ccccc3)C(=O)N2[C@H]1C(=O)[O-].[K+],PENICILLIN V,Anionic,-3.633599999999997,388.4860000000001,0.84,26.6,26.5,,80.0,,
677,CCCC(C)C1(CC)C(=O)NC(=O)NC1=O,PENTOBARBITAL,Neutral,1.1849999999999998,226.276,22.0,59.0,1.83,,61.0,,
688,CO[C@H]1/C=C/O[C@@]2(C)Oc3c(C)c(O)c4c(O)c(c(/C=N/N5CCN(C)CC5)c(O)c4c3C2=O)NC(=O)/C(C)=C\C=C\[C@H](C)[C@H](O)[C@@H](C)[C@@H](O)[C@@H](C)[C@H](OC(C)=O)[C@@H]1C,RIFAMPIN,Anionic,4.335420000000004,822.9530000000003,3.6,63.0,13.6,,80.0,38.9,2.5
703,CO[C@H]1/C=C/O[C@@]2(C)Oc3c(C)c(O)c4c(c3C2=O)C2=NC3(CCN(CC(C)C)CC3)NC2=C(NC(=O)/C(C)=C\C=C\[C@H](C)[C@H](O)[C@@H](C)[C@@H](O)[C@@H](C)[C@H](OC(C)=O)[C@@H]1C)C4=O,RIFABUTIN,Zwitterionic,4.615720000000003,847.0190000000003,45.0,604.5,44.8,20.0,85.0,0.4432,
718,CN(C)CCC(c1ccc(Br)cc1)c1ccccn1.O=C(O)/C=C\C(=O)O,BROMPHENIRAMINE,Cationic,3.639500000000001,435.3180000000001,25.0,,,,72.0,,
719,CCCCN(CCCC)CC(O)c1cc(Cl)cc2c1-c1ccc(Cl)cc1/C2=C/c1ccccc1,LUMEFANTRINE,Cationic,8.498300000000006,494.50600000000014,101.0,,,,99.7,14.0,6.0
721,CCOC(=O)C1=C(COCCN)NC(C)=C(C(=O)OC)C1c1ccccc1Cl.O=C(O)/C=C\C(=O)O,AMLODIPINE,Cationic,1.9781000000000009,524.9540000000002,40.0,1365.0,27.3,77.0,93.0,,8.0
724,CC[N+](C)(CC)CCOC(=O)C(O)(c1ccccc1)C1CCCCC1,OXYPHENONIUM,Neutral,3.484100000000001,348.50700000000023,,,,,,,
728,CC(=O)c1ccc2c(c1)N(CCCN1CCN(CCO)CC1)c1ccccc1S2.O=C(O)/C=C\C(=O)O.O=C(O)/C=C\C(=O)O,ACETOPHENAZINE,Cationic,2.9155,643.7150000000004,,,,,,,
731,CCC(=O)c1ccc2c(c1)N(CCCN1CCN(CCO)CC1)c1ccccc1S2.O=C(O)/C=C\C(=O)O.O=C(O)/C=C\C(=O)O,CARPHENAZINE,Cationic,3.3056,657.7420000000004,,,,,,,
734,O=C(O)C1N=C(c2ccccc2)c2cc(Cl)ccc2NC1=O,CLORAZEPATE,Anionic,2.5827,314.72800000000007,2.4,13.0,4.29,,,,
747,CC[C@H](OC(C)=O)C(C[C@H](C)N(C)C)(c1ccccc1)c1ccccc1.Cl,LEVOMETHADYL ACETATE,Cationic,5.076400000000006,389.967,62.0,1300.0,14.3,,,,
752,CC(C)(C)NC(=O)[C@@H]1C[C@@H]2CCCC[C@@H]2CN1CC(O)[C@H](Cc1ccccc1)NC(=O)[C@@H](CC(N)=O)NC(=O)c1ccc2ccccc2n1,SAQUINAVIR,Cationic,3.092400000000003,670.855,7.0,700.0,74.1,4.0,98.0,,
761,Br.CN(C)CCCC1(c2ccc(F)cc2)OCc2cc(C#N)ccc21,CITALOPRAM,Cationic,4.390880000000004,405.31100000000015,35.0,780.0,19.8,80.0,80.0,,
762,CN(C)CCC[C@@]1(c2ccc(F)cc2)OCc2cc(C#N)ccc21.O=C(O)C(=O)O,ESCITALOPRAM,Cationic,2.968580000000001,414.43300000000016,29.5,780.0,36.0,80.0,56.0,,
763,COC(=O)[C@H](c1ccccc1Cl)N1CCc2sccc2C1,CLOPIDOGREL,Neutral,3.6739000000000015,321.829,6.0,,,50.0,98.0,0.0077,0.75
766,Nc1nc(NC2CC2)c2ncn([C@H]3C=C[C@@H](CO)C3)c2n1.Nc1nc(NC2CC2)c2ncn([C@H]3C=C[C@@H](CO)C3)c2n1.O=S(=O)(O)O,ABACAVIR,Neutral,1.5318000000000007,670.7570000000003,1.54,55.9,52.0,83.0,50.0,10.4,
774,O=C(O)CCC(=O)O.O=C(O[C@H]1CN2CCC1CC2)N1CCc2ccccc2[C@@H]1c1ccccc1,SOLIFENACIN,Cationic,3.8007000000000017,480.56100000000026,56.5,600.0,7.3,90.0,98.0,0.1737,
775,COC(=O)N[C@H](C(=O)N[C@@H](Cc1ccccc1)[C@@H](O)CN(Cc1ccc(-c2ccccn2)cc1)NC(=O)[C@@H](NC(=O)OC)C(C)(C)C)C(C)(C)C.O=S(=O)(O)O,ATAZANAVIR,Neutral,3.5588000000000024,802.9480000000002,7.9,,,,86.0,8.7,2.5
793,CC(Cc1ccc2c(c1)OCO2)NCC(O)c1ccc(O)c(O)c1.Cl,PROTOKYLOL,Cationic,2.5025000000000017,367.829,,,,,,,
802,CC(=O)c1ccc2c(c1)N(CCCN1CCC(CCO)CC1)c1ccccc1S2,PIPERACETAZINE,Cationic,4.976400000000005,410.5830000000001,,,,,,,
807,C1N2CN3CN1CN(C2)C3,METHENAMINE,Neutral,-1.0197999999999992,140.19,,,,,,,
812,CC(Cc1ccc2c(c1)OCO2)NCC(O)c1ccc(O)c(O)c1.Cl,PROTOKYLOL,Cationic,2.5025000000000017,367.829,,,,,,,
824,Cc1cccc(Nc2ccncc2S(=O)(=O)NC(=O)NC(C)C)c1,TORSEMIDE,Anionic,2.52992,348.4280000000001,3.5,13.5,2.6,80.0,99.0,,
827,CO/N=C(\C(=O)N[C@@H]1C(=O)N2C(C(=O)OCOC(=O)C(C)(C)C)=C(/C=C\c3scnc3C)CS[C@H]12)c1csc(N)n1,CEFDITOREN PIVOXIL,Neutral,2.2981199999999986,620.735,,,,14.0,,,
828,COC(=O)[C@H](c1ccccc1)[C@H]1CCCCN1.Cl,DEXMETHYLPHENIDATE,Cationic,2.5071000000000008,269.77199999999993,3.2,169.0,33.0,23.5,15.0,0.073,6.8
831,CN(C)CC(c1ccc(O)cc1)C1(O)CCCCC1.O=C(O)CCC(=O)O,DESVENLAFAXINE,Cationic,2.6684,381.46900000000016,11.0,370.0,26.0,80.0,30.0,1.1,3.0
837,CC1(C)S[C@@H]2[C@H](NC(=O)C(C(=O)Oc3ccc4c(c3)CCC4)c3ccccc3)C(=O)N2[C@H]1C(=O)[O-].[Na+],CARBENICILLIN INDANYL,Anionic,-1.834499999999996,516.5510000000003,,,,,,,
839,CC(C)C(=O)Oc1ccc(CO)cc1[C@H](CCN(C(C)C)C(C)C)c1ccccc1,FESOTERODINE,Cationic,5.381100000000005,411.58600000000007,,,,,,,
849,COC(=O)C(c1ccccc1)C1CCCCN1,METHYLPHENIDATE,Cationic,2.0853,233.31099999999995,3.2,169.0,33.0,23.5,15.0,0.073,6.8
850,COC(=O)C(c1ccccc1)C1CCCCN1,METHYLPHENIDATE,Cationic,2.0853,233.31099999999995,3.2,169.0,33.0,23.5,15.0,0.073,6.8
854,O=C(O)C[C@H](O)C[C@H](O)/C=C/c1c(C2CC2)nc2ccccc2c1-c1ccc(F)cc1,PITAVASTATIN,Anionic,4.518100000000003,421.4680000000001,12.0,148.0,8.5,51.0,99.0,,
855,N#C[C@@H]1C[C@@H]2C[C@@H]2N1C(=O)[C@@H](N)C12CC3CC(CC(O)(C3)C1)C2.O,SAXAGLIPTIN,Cationic,0.3332799999999989,333.43200000000013,2.5,49.7,13.8,,0.0,0.076,
872,CCOc1nc2cccc(C(=O)OCc3oc(=O)oc3C)c2n1Cc1ccc(-c2ccccc2-c2noc(=O)[n-]2)cc1.[K+],AZILSARTAN KAMEDOXOMIL,Anionic,1.3383199999999995,606.6320000000002,,,,,,,
879,Cc1c(O)c(=O)ccn1C,DEFERIPRONE,Neutral,0.3993199999999998,139.154,1.9,104.0,37.9,,10.0,143.8,
882,CN1C(=O)CC(=O)N(c2ccccc2)c2cc(Cl)ccc21,CLOBAZAM,Anionic,3.3712000000000018,300.74500000000006,39.0,100.0,1.7,100.0,85.0,,
883,N#CC[C@H](C1CCCC1)n1cc(-c2ncnc3[nH]ccc23)cn1,RUXOLITINIB,Neutral,3.466380000000001,306.37300000000005,3.0,59.0,19.9,,97.0,,
891,CC/C=C\C/C=C\C/C=C\C/C=C\C/C=C\CCCC(=O)OCC,ICOSAPENT ETHYL,Neutral,6.471200000000007,330.5120000000001,,,,,,,
898,COc1ccc(CNc2nc(N3CCC[C@H]3CO)ncc2C(=O)Nc2ncccn2)cc1Cl,AVANAFIL,Neutral,2.7541,469.9330000000001,5.0,,,,99.0,,0.62
900,COc1cc2c(cc1Cc1cccc(Cl)c1F)C(=O)C(C(=O)O)=CC2[C@H](CO)C(C)C,ELVITEGRAVIR,Anionic,4.633900000000003,446.9020000000002,12.9,,,,98.0,3.8,4.0
902,C[C@@H]1CCN(C(=O)CC#N)C[C@@H]1N(C)c1ncnc2[nH]ccc12.O=C(O)CC(O)(CC(=O)O)C(=O)O,TOFACITINIB,Neutral,0.2962800000000006,504.5000000000003,3.0,87.0,20.0,74.0,40.0,,
911,O=S(=O)([O-])Oc1ccc(C(c2ccc(OS(=O)(=O)[O-])cc2)c2ccccn2)cc1.[Na+].[Na+],PICOSULFATE,Anionic,-4.0521999999999965,481.4150000000001,7.4,,,,,0.0073,
916,CCCNS(=O)(=O)Nc1ncnc(OCCOc2ncc(Br)cn2)c1-c1ccc(Br)cc1,MACITENTAN,Neutral,3.572700000000003,588.2820000000002,16.0,50.0,2.1,,99.0,,
917,NS(=O)(=O)Nc1ncnc(OCCOc2ncc(Br)cn2)c1-c1ccc(Br)cc1,APROCITENTAN,Neutral,2.5318000000000005,546.201,41.0,20.0,0.3,,99.0,2.38,4.5
922,C[C@H]1CCO[C@H]2Cn3cc(C(=O)NCc4ccc(F)cc4F)c(=O)c(O)c3C(=O)N21,DOLUTEGRAVIR,Neutral,1.3528,419.3840000000002,14.0,17.4,1.0,,98.9,9.9,
924,COC(=O)C=CC(=O)O,MONOMETHYL FUMARATE,Anionic,-0.1998,130.099,1.0,63.0,43.6,,36.0,12.9,
926,CC(C)OC(=O)[C@H](C)N[P@](=O)(OC[C@H]1O[C@@H](n2ccc(=O)[nH]c2=O)[C@](C)(F)[C@@H]1O)Oc1ccccc1,SOFOSBUVIR,Neutral,1.6565000000000003,529.4580000000002,0.4,,,,63.0,,1.25
929,COc1cccc([C@]2(O)CCCC[C@H]2CN(C)C)c1,TRAMADOL,Cationic,2.6346000000000007,263.3809999999999,6.7,188.0,23.0,75.0,20.0,2.25,2.3
930,COc1cccc([C@]2(O)CCCC[C@H]2CN(C)C)c1,TRAMADOL,Cationic,2.6346000000000007,263.3809999999999,6.7,188.0,23.0,75.0,20.0,2.25,2.3
931,COc1cccc([C@]2(O)CCCC[C@H]2CN(C)C)c1,TRAMADOL,Cationic,2.6346000000000007,263.3809999999999,6.7,188.0,23.0,75.0,20.0,2.25,2.3
934,Cn1nnc(-c2ccc(-c3ccc(N4C[C@H](COP(=O)(O)O)OC4=O)cc3F)cn2)n1,TEDIZOLID PHOSPHATE,Anionic,1.5126999999999995,450.3230000000001,,,,,,,
942,CCCCCCCC(=O)N[C@H](CN1CCCC1)[C@H](O)c1ccc2c(c1)OCCO2,ELIGLUSTAT,Cationic,3.4323000000000023,404.55100000000016,8.9,835.0,88.0,,79.5,0.339,
943,CC[C@@H](Nc1ncnc2nc[nH]c12)c1nc2cccc(F)c2c(=O)n1-c1ccccc1,IDELALISIB,Neutral,3.7543000000000015,415.4320000000001,8.2,23.0,14.9,,84.0,,1.5
949,CCC(=O)NC[C@@H]1C[C@H]1c1cccc2c1CCO2,TASIMELTEON,Neutral,2.2512,245.32199999999995,1.3,92.5,49.3,38.3,90.0,,1.75
955,Cc1[nH]c2ccccc2c1CCNCc1ccc(/C=C/C(=O)NO)cc1,PANOBINOSTAT,Cationic,3.3272200000000014,349.434,37.0,8542.0,160.0,21.0,90.0,,2.0
965,CNCC(=O)OCc1cccnc1N(C)C(=O)OC(C)[n+]1cnn(C[C@](O)(c2cc(F)ccc2F)[C@@H](C)c2nc(-c3ccc(C#N)cc3)cs2)c1,ISAVUCONAZONIUM,Neutral,4.584580000000004,717.7789999999999,,,,,,,
966,CCOC(=O)[C@H](C)C[C@@H](Cc1ccc(-c2ccccc2)cc1)NC(=O)CCC(=O)O,SACUBITRIL,Anionic,3.8350000000000017,411.49800000000016,1.4,103.0,51.0,60.0,94.0,,
971,C[C@@H](OC[C@@]1(c2ccccc2)CC[C@]2(CCC(=O)N2)CN1)c1cc(C(F)(F)F)cc(C(F)(F)F)c1,ROLAPITANT,Cationic,5.729500000000005,500.483,176.0,460.0,0.96,,99.8,1.9,
980,COC(=O)N[C@H](C(=O)N1CCC[C@H]1c1nc(-c2ccc3c(c2)O[C@@H](c2ccccc2)n2c-3cc3cc(-c4c[nH]c([C@@H]5CCCN5C(=O)[C@@H](NC(=O)OC)C(C)C)n4)ccc32)c[nH]1)C(C)C,ELBASVIR,Neutral,8.116000000000009,882.0349999999996,24.0,680.0,,,99.9,0.137,3.0
983,CCc1cc2c(cc1N1CCC(N3CCOCC3)CC1)C(C)(C)c1[nH]c3cc(C#N)ccc3c1C2=O,ALECTINIB,Neutral,4.773280000000004,482.6280000000002,33.0,4016.0,81.9,37.0,99.0,1.38,
991,NC(=O)c1cccc2cn(-c3ccc([C@@H]4CCCNC4)cc3)nc12,NIRAPARIB,Cationic,2.591400000000001,320.396,36.0,1220.0,16.2,73.0,83.0,2.51,3.0
995,CC(=O)OCC(=O)[C@@]12N=C(C)O[C@@H]1C[C@H]1[C@@H]3CCC4=CC(=O)C=C[C@]4(C)[C@H]3[C@@H](O)C[C@@]12C,DEFLAZACORT,Neutral,2.5632,441.5240000000002,,,,,,,
998,CCOC(=O)[C@@H](N)Cc1ccc(-c2cc(O[C@H](c3ccc(Cl)cc3-n3ccc(C)n3)C(F)(F)F)nc(N)n2)cc1,TELOTRISTAT ETHYL,Neutral,4.988620000000003,574.991,0.6,,2.7,,99.0,0.0076,1.25
999,CC(C)(NC(=O)C1=C(O)[C@@H]2Oc3c(O)ccc4c3[C@@]23CCN(CC2CC2)[C@H](C4)[C@]3(O)C1)c1nc(-c2ccccc2)no1,NALDEMEDINE,Cationic,3.4798000000000027,570.6460000000004,11.0,155.0,,,93.5,,0.75
1005,COC(=O)N[C@H](C(=O)N1CCC[C@H]1c1nc2cc([C@@H]3CC[C@@H](c4cc5nc([C@@H]6CCCN6C(=O)[C@@H](NC(=O)OC)[C@@H](C)OC)[nH]c5cc4F)N3c3cc(F)c(N4CCC(c5ccc(F)cc5)CC4)c(F)c3)c(F)cc2[nH]1)[C@@H](C)OC,PIBRENTASVIR,Neutral,9.447500000000002,1113.1989999999996,13.0,,,,99.9,0.0989,5.0
1009,COc1ccc2c3c1O[C@H]1C(OC(=O)c4ccccc4)=CC[C@@H]4[C@@H](C2)N(C)CC[C@@]341.Cl,BENZHYDROCODONE,Cationic,4.136800000000004,439.93900000000025,,,,,,,
1012,COc1cc(Nc2ncc(F)c(Nc3ccc4c(n3)N(COP(=O)(O)O)C(=O)C(C)(C)O4)n2)cc(OC)c1OC,FOSTAMATINIB,Anionic,3.094500000000001,580.4660000000002,,,,,,,
1013,Cc1ncc([N+](=O)[O-])n1CC(C)O,SECNIDAZOLE,Neutral,0.4805199999999999,185.183,17.0,42.0,1.5,,5.0,245.3,
1016,COc1cccc(N2CCN(C3=Nc4c(F)cccc4[C@H](CC(=O)O)N3c3cc(C(F)(F)F)ccc3OC)CC2)c1,LETERMOVIR,Anionic,5.707400000000006,572.559,12.0,45.5,,94.0,99.0,22.7,1.25
1026,CSc1nc2cc(Cl)c(Oc3cccc(Cl)c3Cl)cc2[nH]1,TRICLABENDAZOLE,Neutral,6.037300000000002,359.665,8.0,,,,96.7,1.16,
1031,C=C(C)[C@@H]1CCC(C)=C[C@H]1c1ccc(CCCCC)cc1O,CANNABIDIOL,Neutral,6.140900000000007,298.47,58.5,,,,94.0,,3.75
1033,COC(=O)N[C@@H](C)CNc1nccc(-c2cn(C(C)C)nc2-c2cc(Cl)cc(NS(C)(=O)=O)c2F)n1,ENCORAFENIB,Neutral,3.908400000000002,540.0210000000002,3.5,164.0,14.0,86.0,86.0,,2.0
1034,Cn1cnc2c(F)c(Nc3ccc(Br)cc3F)c(C(=O)NOCCO)cc21,BINIMETINIB,Neutral,3.0113000000000003,441.2320000000002,3.5,92.0,20.2,50.0,97.0,,1.6
1036,CN1CC[C@@H](NC(=O)Nc2ccc(C#N)cc2)C[C@@H]1c1nc2ccccc2[nH]1.O=C(O)/C=C\C(=O)O,GLASDEGIB,Neutral,3.1033800000000005,490.5200000000002,17.4,188.0,6.45,77.0,91.0,3.3,1.55
1037,Cn1c(Cn2ccc(C(F)(F)F)c(Oc3cc(Cl)cc(C#N)c3)c2=O)n[nH]c1=O,DORAVIRINE,Neutral,2.654580000000001,425.7540000000001,15.0,60.5,6.36,64.0,76.0,2.26,2.0
1040,CO/N=C1\C[C@]2(C[C@@H]3C[C@@H](C/C=C(\C)C[C@@H](C)/C=C/C=C4\CO[C@@H]5[C@H](O)C(C)=C[C@@H](C(=O)O3)[C@]45O)O2)O[C@H](/C(C)=C/C(C)C)[C@H]1C,MOXIDECTIN,Neutral,5.728900000000007,639.8300000000002,784.0,2421.0,3.5,,,0.0921,4.0
1042,CO[C@H]1/C=C/O[C@@]2(C)Oc3c(C)c(O)c4c(c3C2=O)C(=O)C=C(NC(=O)/C(C)=C\C=C\[C@H](C)[C@H](O)[C@@H](C)[C@@H](O)[C@@H](C)[C@H](OC(C)=O)[C@@H]1C)C4=O,RIFAMYCIN,Anionic,3.630320000000003,695.7620000000003,,,,0.1,80.0,0.0125,6.0
1044,C[C@@H](Nc1ncnc2[nH]cnc12)c1cc2cccc(Cl)c2c(=O)n1-c1ccccc1,DUVELISIB,Neutral,4.483500000000002,416.8720000000002,4.7,28.5,4.2,42.0,98.0,3.6,1.5
1052,Cc1nc(NC(=O)N2CCC[C@H]2C(N)=O)sc1-c1ccnc(C(C)(C)C(F)(F)F)c1,ALPELISIB,Neutral,3.835020000000002,441.4790000000001,8.5,114.0,9.2,,89.0,5.6,
1053,CCn1c(=O)c2[nH]c(/C=C/c3ccc(OC)c(OC)c3)nc2n(CC)c1=O,ISTRADEFYLLINE,Neutral,2.1137,370.40900000000016,83.0,557.0,4.6,,98.0,,4.0
1056,Cl.Clc1ccc(CCCOCCCN2CCCCC2)cc1,PITOLISANT,Cationic,4.587000000000004,332.31500000000005,20.0,700.0,43.9,90.0,93.5,0.247,3.5
1064,Cl.FC(F)(F)c1ccc(CNc2ccc(Cc3c[nH]c4ncc(Cl)cc34)cn2)cn1,PEXIDARTINIB,Neutral,5.649800000000004,454.2830000000001,26.6,187.0,5.1,,99.0,20.6,2.5
1067,CC(O)c1cc(C(=O)N[C@@H](C)Cn2ccc(-c3ccc(C#N)c(Cl)c3)n2)n[nH]1,DAROLUTAMIDE,Neutral,2.67008,398.854,20.0,119.0,6.96,30.0,92.0,12.0,4.0
1074,Cn1cc(-c2cc3c(N4CCN(c5ncc([C@@](C)(N)c6ccc(F)cc6)cn5)CC4)ncnn3c2)cn1,AVAPRITINIB,Cationic,2.6077000000000004,498.57000000000016,44.5,1200.0,19.5,,98.8,1.63,3.0
1076,N[C@@H]1c2cccnc2[C@H](OC(=O)N2CCC(n3c(=O)[nH]c4ncccc43)CC2)CC[C@H]1c1cccc(F)c1F.N[C@@H]1c2cccnc2[C@H](OC(=O)N2CCC(n3c(=O)[nH]c4ncccc43)CC2)CC[C@H]1c1cccc(F)c1F.O.O.O.O=S(=O)(O)O,RIMEGEPANT,Cationic,5.85310000000001,1221.258,11.0,120.0,,64.0,96.0,,1.5
1080,COc1cnc(-n2cnc(C)n2)c2c1c(C(=O)C(=O)N1CCN(C(=O)c3ccccc3)CC1)cn2COP(=O)(O)O,FOSTEMSAVIR,Anionic,1.1681199999999994,583.4980000000005,,,,,,,
1085,CNC(=O)c1ccc(-c2cnc3ncc(Cc4ccc5ncccc5c4)n3n2)cc1F.Cl.Cl.O,CAPMATINIB,Neutral,3.447900000000004,503.3650000000001,6.5,164.0,24.0,70.0,96.0,,1.5
1088,Cn1cnc2c(F)c(Nc3ccc(Br)cc3Cl)c(C(=O)NOCCO)cc21.O=S(=O)(O)O,SELUMETINIB,Neutral,2.8728000000000007,555.7660000000004,6.2,171.0,8.8,62.0,98.4,1.74,1.25
1092,COc1cc2nccc(Oc3ccc(NC(=O)Nc4cc(C)on4)c(Cl)c3)c2cc1OC,TIVOZANIB,Neutral,5.6381200000000025,454.8700000000003,111.0,123.0,0.75,,99.0,0.191,10.0
1104,CN1CCC(COc2cnc(-c3cccc(Cn4nc(-c5cccc(C#N)c5)ccc4=O)c3)nc2)CC1.Cl.O,TEPOTINIB,Cationic,3.604980000000004,547.0590000000003,32.0,1038.0,23.8,71.6,98.0,2.62,
1107,CCCCCCCCCCCCCCCCOCCCOP(=O)(O)CO[C@H](CO)Cn1ccc(N)nc1=O,BRINCIDOFOVIR,Anionic,5.250500000000005,561.7010000000001,19.3,1230.0,44.1,16.8,99.9,0.8545,3.0
1112,C1=N/C2=N/c3ccc(OCCN4CCCC4)c(c3)COC/C=C\COCc3cccc(c3)C(=C1)N2,PACRITINIB,Cationic,4.466800000000004,472.58900000000017,27.7,229.0,2.09,,98.8,17.7,
1114,CC(=O)N1CCN(c2ccc(OC[C@@H]3CO[C@@](Cn4ccnc4)(c4ccc(Cl)cc4Cl)O3)cc2)CC1,LEVOKETOCONAZOLE,Neutral,4.205800000000003,531.4399999999999,3.75,36.0,,,99.3,,1.75
1117,CCCCC1(CCCC)CS(=O)(=O)c2ccc(N(C)C)cc2[C@@H](c2ccc(OCc3ccc(C[N+]45CCN(CC4)CC5)cc3)cc2)[C@H]1O.[Cl-],MARALIXIBAT,Neutral,3.6285000000000047,710.4250000000001,1.6,,,,91.0,0.0024,
1126,CS(=O)(=O)c1ccc(Oc2cc(F)cc(C#N)c2)c2c1[C@H](O)[C@H](F)[C@@H]2F,BELZUTIFAN,Neutral,3.2888800000000016,383.347,14.0,130.0,7.3,,45.0,3.4,1.5
1129,O[C@@](Cn1cnnn1)(c1ccc(F)cc1F)C(F)(F)c1ccc(-c2ccc(OCC(F)(F)F)cc2)cn1,OTESECONAZOLE,Neutral,4.6342000000000025,527.4000000000002,3312.0,423.0,,,99.5,5.3,7.5
1132,OC[C@H]1O[C@@H](c2ccc(Cl)c(Cc3ccc(OCCOC4CC4)cc3)c2)[C@H](O)[C@@H](O)[C@@H]1O,BEXAGLIFLOZIN,Neutral,2.0034999999999994,464.9420000000002,12.0,262.0,19.1,,93.0,0.288,3.0
1136,C=CC(=O)N1C[C@H](Nc2ncnc3[nH]ccc23)CC[C@@H]1C.Cc1ccc(S(=O)(=O)O)cc1,RITLECITINIB,Neutral,3.1770200000000006,457.5560000000002,1.8,,,64.0,14.0,,1.0
1140,C=C(F)C(=O)N1CCN(c2nc(OC[C@@H]3CCCN3C)nc3c2CCN(c2cccc4cccc(Cl)c24)C3)C[C@@H]1CC#N,ADAGRASIB,Cationic,4.732980000000004,604.1299999999999,23.0,942.0,37.0,,98.0,,6.0
1146,C[C@@]1(C(=O)N[C@@H](CCC(=O)O)C(=O)O)CCCN1C(=O)CN,TROFINETIDE,Zwitterionic,-1.2395999999999974,315.3260000000001,1.5,80.0,,,6.0,,2.5
1151,O=C(O)CNC(=O)c1ncc(-c2cccc(Cl)c2)cc1O,VADADUSTAT,Anionic,1.922,306.70500000000004,9.2,,,,99.5,,2.5
1155,Cl.Cl.N#CCNC(=O)c1ccc(-c2ccnc(Nc3ccc(N4CCOCC4)cc3)n2)cc1,MOMELOTINIB,Neutral,3.820780000000002,487.3910000000003,6.0,984.0,103.0,,91.0,1.15,2.0
1161,C[C@@H](NC(=O)c1ncnc(N)c1Cl)c1ncc(C(=O)Nc2cc(C(F)(F)F)c(Cl)cn2)s1,TOVORAFENIB,Neutral,3.9792000000000014,506.2970000000001,56.0,103.8,1.2,,97.5,13.6,3.0
1163,CCN(CC)Cc1ccc2cc(COC(=O)Nc3ccc(C(=O)NO)cc3)ccc2c1,GIVINOSTAT,Cationic,4.549300000000003,421.49700000000007,6.0,,,,96.0,,2.5
1164,CC(=O)c1nn(CC(=O)N2C[C@H](F)C[C@H]2C(=O)Nc2cccc(Br)n2)c2ccc(-c3cnc(C)nc3)cc12,DANICOPAN,Neutral,3.7395200000000015,580.418,7.9,395.0,63.0,,92.9,1.14,3.7
1165,NC1(C(=O)N[C@@H](CCO)c2ccc(Cl)cc2)CCN(c2nc[nH]c3nccc2-3)CC1,CAPIVASERTIB,Cationic,2.1005,428.9240000000002,8.3,1847.0,50.0,29.0,22.0,3.2,1.5
1169,CSc1ccc(C(=O)/C=C/c2cc(C)c(OC(C)(C)C(=O)O)c(C)c2)cc1,ELAFIBRANOR,Anionic,5.163440000000004,384.49700000000007,70.2,4731.0,50.0,,99.7,2.08,1.25
